COPY customer (c_custkey, c_name, c_address, c_nationkey, c_phone, c_acctbal, c_mktsegment, c_comment) FROM stdin;
3373	Customer#000003373	WUCr1BPpcY7u	24	34-132-612-5205	-546.880005	BUILDING  	carefully regular dolphins about the express, even requests cajole about the f
16252	Customer#000016252	Ha0SZbzPcuno,WTyMl1ipU0YtpeuR1	15	25-830-891-9338	7140.5498	BUILDING  	final, special deposits are slyly. accounts s
21061	Customer#000021061	YFHND 93MpwZ2	3	13-288-671-6178	6295.5	MACHINERY 	slyly unusual depths around the carefully final pinto beans sleep fi
28547	Customer#000028547	AeWmD3BLrsSkmRY7O,wbB75i6Ll	1	11-711-951-5798	2095.41992	MACHINERY 	bold deposits use slyly above the silently bold theodolites. busy, even requests are c
32113	Customer#000032113	zGnpIbeHpxDDVGxc	1	11-824-904-7701	6958.6001	AUTOMOBILE	furiously ironic deposits use. final theodolites haggle carefully bravely final accounts-- final, final foxe
36901	Customer#000036901	TBb1yDZcf 8Zepk7apFJ	13	23-644-998-4944	4809.83984	AUTOMOBILE	regular accounts after the blithely pending dependencies play blith
39136	Customer#000039136	afZJC1mWpwvsfKT0211ZD6NQXVGETfl	5	15-400-347-1643	5555.41016	FURNITURE 	furiously unusual excuses haggle furiously at 
44485	Customer#000044485	hlyA8oJVqUQfBOb	20	30-452-969-2072	4543.02002	FURNITURE 	final instructions along the quickly express deposits boost fluffily after the regular, regular requests. 
55624	Customer#000055624	ZnDi05oHDsw0Bt2glb	7	17-796-839-5728	818.330017	AUTOMOBILE	express platelets sleep slyly. even, unusual deposi
56614	Customer#000056614	sRgxfCf6gDLmFnrO8UO	11	21-657-845-6087	7623.47998	BUILDING  	regular, ironic asymptotes into the deposits are furiously blithely brave accounts. carefully regular idea
61001	Customer#000061001	zwkHSjRJYn9yMpk3gWuXkULpteHpSoXXCWXiFOT	3	13-146-110-4664	9684.46973	FURNITURE 	requests about the carefully even packages sleep quickly unusual deposits. furiously unusual foxes wake
64340	Customer#000064340	tpIj3SeORHXy08GLfm7468	13	23-764-454-8786	7785.02979	MACHINERY 	furiously silent ideas around the fluffily ironic instructions haggle after the requests; furiously ironic asympt
66958	Customer#000066958	h5jsmOq8nxf8Pz1Knqe GZdK4lh	18	28-393-112-1873	9160.79004	MACHINERY 	accounts across the even instructions haggle ironic deposits. slyly re
78002	Customer#000078002	v7Jkg5XIqM	10	20-715-308-7926	4128.41016	AUTOMOBILE	regular excuses haggle. special theodolites hinder carefully bold sentiments. re
81763	Customer#000081763	mZtn4M5r0KIw4aooP BXF3ReR RUlPJcAb	8	18-425-613-5972	8368.23047	MACHINERY 	slyly regular ideas haggle. b
84487	Customer#000084487	ROq5UJr 3Z39GkrBCjdiVa,q Mc83GUHfu2dGhI	12	22-872-263-3878	-659.549988	HOUSEHOLD 	bold deposits about the slyly special platelets haggle blithely unu
86116	Customer#000086116	63BSp8bODm1dImPJEPTRmsSa4GqNA1SeRqFgx	0	10-356-493-3518	3205.6001	AUTOMOBILE	quickly silent excuses boost furiously about the furiously express foxes. slyly pendi
88910	Customer#000088910	Ty8,3IxVsTEtBdMmoKKFPdx	21	31-664-330-6275	1661.37	AUTOMOBILE	slyly regular accounts cajole pac
104480	Customer#000104480	ARox,hFy5py	4	14-114-387-5858	6264.22998	AUTOMOBILE	furiously special notornis x-ray 
107779	Customer#000107779	jgyk9qYzKKcigcO3On8nH1rx	6	16-750-734-6077	4652.75	BUILDING  	courts cajole carefully final pinto bean
115252	Customer#000115252	1nYjUUUBmDfSG296gNcw7jtwYae5Jmqf7t	17	27-781-959-9284	-275.339996	BUILDING  	blithely enticing foxes sleep careful
123314	Customer#000123314	nKPmaZi,OKhObOYSL3wc egXR4Vt99CXRclF	15	25-884-345-1592	-686.400024	MACHINERY 	unusual, even packages are among the ironic pains. regular, final accou
124828	Customer#000124828	tbqVz3OPL,mo9UJkmnex4vzl3HjJp	22	32-517-907-2209	6629.20996	BUILDING  	slyly special requests dazzle fluffily final excuses. carefully pending requests mold fur
127588	Customer#000127588	DbnvQxsG0,Nobhbj6n5cMUNPjfouzdFzH	14	24-409-883-5840	358.380005	BUILDING  	blithely ironic pinto beans sleep according to the final, ironic ideas. sheaves accor
129200	Customer#000129200	Mptjqe2meHZ1w	21	31-183-304-1136	9705.42969	HOUSEHOLD 	deposits sleep across the slyly pending dol
130057	Customer#000130057	jQDBlCU2IlHmzkDfcqgIHg2eLsN	9	19-938-862-4157	5009.5498	FURNITURE 	final deposits sleep slyly multipliers. special frays sleep furiously express
136777	Customer#000136777	Qy6YjXMy1jjCBkVDvnDThNMMLQG49wXEgIJ6DPLK	10	20-500-807-1549	-65.4599991	HOUSEHOLD 	theodolites nag slyly carefully pending deposits. slow, ironic dependencies wake furiously. furiously unusual ide
147004	Customer#000147004	,5lO7OHiDTFNK6t1HuLmIyQalgXDNgVH tytO9h	6	16-416-345-9278	9658.20996	FURNITURE 	regular packages cajole. ironic accounts run. d
\.

COPY lineitem (l_orderkey, l_partkey, l_suppkey, l_linenumber, l_quantity, l_extendedprice, l_discount, l_tax, l_returnflag, l_linestatus, l_shipdate, l_commitdate, l_receiptdate, l_shipinstruct, l_shipmode, l_comment) FROM stdin;
1	155190	7706	1	17	21168.2305	0.0399999991	0.0199999996	N	O	1996-03-13	1996-02-12	1996-03-22	DELIVER IN PERSON        	TRUCK     	blithely regular ideas caj
1	67310	7311	2	36	45983.1602	0.0900000036	0.0599999987	N	O	1996-04-12	1996-02-28	1996-04-20	TAKE BACK RETURN         	MAIL      	slyly bold pinto beans detect s
1	63700	3701	3	8	13309.5996	0.100000001	0.0199999996	N	O	1996-01-29	1996-03-05	1996-01-31	TAKE BACK RETURN         	REG AIR   	deposits wake furiously dogged,
1	2132	4633	4	28	28955.6406	0.0900000036	0.0599999987	N	O	1996-04-21	1996-03-30	1996-05-16	NONE                     	AIR       	even ideas haggle. even, bold reque
1	24027	1534	5	24	22824.4805	0.100000001	0.0399999991	N	O	1996-03-30	1996-03-14	1996-04-01	NONE                     	FOB       	carefully final gr
1	15635	638	6	32	49620.1602	0.0700000003	0.0199999996	N	O	1996-01-30	1996-02-07	1996-02-03	DELIVER IN PERSON        	MAIL      	furiously regular accounts haggle bl
2	106170	1191	1	38	44694.4609	0	0.0500000007	N	O	1997-01-28	1997-01-14	1997-02-02	TAKE BACK RETURN         	RAIL      	carefully ironic platelets against t
3	4297	1798	1	45	54058.0508	0.0599999987	0	R	F	1994-02-02	1994-01-04	1994-02-23	NONE                     	AIR       	blithely s
3	19036	6540	2	49	46796.4688	0.100000001	0	R	F	1993-11-09	1993-12-20	1993-11-24	TAKE BACK RETURN         	RAIL      	final, regular pinto
3	128449	3474	3	27	39890.8789	0.0599999987	0.0700000003	A	F	1994-01-16	1993-11-22	1994-01-23	DELIVER IN PERSON        	SHIP      	carefully silent pinto beans boost fur
3	29380	1883	4	2	2618.76001	0.00999999978	0.0599999987	A	F	1993-12-04	1994-01-07	1994-01-01	NONE                     	TRUCK     	fluffily unusual deposits hag
3	183095	650	5	28	32986.5195	0.0399999991	0	R	F	1993-12-14	1994-01-10	1994-01-01	TAKE BACK RETURN         	FOB       	blithely pending platelets according
3	62143	9662	6	26	28733.6406	0.100000001	0.0199999996	A	F	1993-10-29	1993-12-18	1993-11-04	TAKE BACK RETURN         	RAIL      	ideas until the unusual packages c
4	88035	5560	1	30	30690.9004	0.0299999993	0.0799999982	N	O	1996-01-10	1995-12-14	1996-01-18	DELIVER IN PERSON        	REG AIR   	special dependencies am
5	108570	8571	1	15	23678.5508	0.0199999996	0.0399999991	R	F	1994-10-31	1994-08-31	1994-11-20	NONE                     	AIR       	unusual, even instructio
5	123927	3928	2	26	50723.9219	0.0700000003	0.0799999982	R	F	1994-10-16	1994-09-25	1994-10-19	NONE                     	FOB       	blithely even accoun
5	37531	35	3	50	73426.5	0.0799999982	0.0299999993	A	F	1994-08-08	1994-10-13	1994-08-26	DELIVER IN PERSON        	AIR       	express platelets integr
6	139636	2150	1	37	61998.3086	0.0799999982	0.0299999993	A	F	1992-04-27	1992-05-15	1992-05-02	TAKE BACK RETURN         	TRUCK     	ruthlessly unusual warhorses sleep slyly af
7	182052	9607	1	12	13608.5996	0.0700000003	0.0299999993	N	O	1996-05-07	1996-03-13	1996-06-03	TAKE BACK RETURN         	FOB       	pending requests sleep furiously above
7	145243	7758	2	9	11594.1602	0.0799999982	0.0799999982	N	O	1996-02-01	1996-03-02	1996-02-19	TAKE BACK RETURN         	SHIP      	carefully spe
7	94780	9799	3	46	81639.8828	0.100000001	0.0700000003	N	O	1996-01-15	1996-03-27	1996-02-03	COLLECT COD              	MAIL      	carefully exp
7	163073	3074	4	28	31809.9609	0.0299999993	0.0399999991	N	O	1996-03-21	1996-04-08	1996-04-20	NONE                     	FOB       	final deposits are quickly. furiously even
7	151894	9440	5	38	73943.8203	0.0799999982	0.00999999978	N	O	1996-02-11	1996-02-24	1996-02-18	DELIVER IN PERSON        	TRUCK     	blithely expres
7	79251	1759	6	35	43058.75	0.0599999987	0.0299999993	N	O	1996-01-16	1996-02-23	1996-01-22	TAKE BACK RETURN         	FOB       	blithely silent accoun
7	157238	2269	7	5	6476.1499	0.0399999991	0.0199999996	N	O	1996-02-10	1996-03-26	1996-02-13	NONE                     	FOB       	furiously pending theodolit
32	82704	7721	1	28	47227.6016	0.0500000007	0.0799999982	N	O	1995-10-23	1995-08-27	1995-10-26	TAKE BACK RETURN         	TRUCK     	ironic requests dazzle. final d
32	197921	441	2	32	64605.4414	0.0199999996	0	N	O	1995-08-14	1995-10-07	1995-08-27	COLLECT COD              	AIR       	regular accounts cajole
32	44161	6666	3	2	2210.32007	0.0900000036	0.0199999996	N	O	1995-08-07	1995-10-07	1995-08-23	DELIVER IN PERSON        	AIR       	furiously bold deposits 
32	2743	7744	4	4	6582.95996	0.0900000036	0.0299999993	N	O	1995-08-04	1995-10-01	1995-09-03	NONE                     	REG AIR   	slyly bold requests nag. fluffily
32	85811	8320	5	44	79059.6406	0.0500000007	0.0599999987	N	O	1995-08-28	1995-08-20	1995-09-14	DELIVER IN PERSON        	AIR       	slyly ironic notornis bo
32	11615	4117	6	6	9159.66016	0.0399999991	0.0299999993	N	O	1995-07-21	1995-09-23	1995-07-25	COLLECT COD              	RAIL      	requests integrat
33	61336	8855	1	31	40217.2305	0.0900000036	0.0399999991	A	F	1993-10-29	1993-12-19	1993-11-08	COLLECT COD              	TRUCK     	slyly even requests are f
33	60519	5532	2	32	47344.3203	0.0199999996	0.0500000007	A	F	1993-12-09	1994-01-04	1993-12-28	COLLECT COD              	MAIL      	special theodolites boost 
33	137469	9983	3	5	7532.2998	0.0500000007	0.0299999993	A	F	1993-12-09	1993-12-25	1993-12-23	TAKE BACK RETURN         	AIR       	bold requests affix alongside of the slyly 
33	33918	3919	4	41	75928.3125	0.0900000036	0	R	F	1993-11-09	1994-01-24	1993-11-11	TAKE BACK RETURN         	MAIL      	furiously regular deposits are carefully id
34	88362	871	1	13	17554.6797	0	0.0700000003	N	O	1998-10-23	1998-09-14	1998-11-06	NONE                     	REG AIR   	regular deposits grow. regu
34	89414	1923	2	22	30875.0195	0.0799999982	0.0599999987	N	O	1998-10-09	1998-10-16	1998-10-12	NONE                     	FOB       	carefully idle ins
34	169544	4577	3	6	9681.24023	0.0199999996	0.0599999987	N	O	1998-10-30	1998-09-20	1998-11-05	NONE                     	FOB       	furiously final ideas thrash carefully bo
35	450	2951	1	24	32410.8008	0.0199999996	0	N	O	1996-02-21	1996-01-03	1996-03-18	TAKE BACK RETURN         	FOB       	dolphins along the slyly ir
35	161940	4457	2	34	68065.9609	0.0599999987	0.0799999982	N	O	1996-01-22	1996-01-06	1996-01-27	DELIVER IN PERSON        	RAIL      	fluffily final deposits are bl
35	120896	8433	3	7	13418.2305	0.0599999987	0.0399999991	N	O	1996-01-19	1995-12-22	1996-01-29	NONE                     	MAIL      	quickly even depo
35	85175	7684	4	25	29004.25	0.0599999987	0.0500000007	N	O	1995-11-26	1995-12-25	1995-12-21	DELIVER IN PERSON        	SHIP      	slyly special excuses wake carefully ironic
35	119917	4940	5	34	65854.9375	0.0799999982	0.0599999987	N	O	1995-11-08	1996-01-15	1995-11-26	COLLECT COD              	MAIL      	quickly regular instructions try t
35	30762	3266	6	28	47397.2812	0.0299999993	0.0199999996	N	O	1996-02-01	1995-12-24	1996-02-28	COLLECT COD              	RAIL      	slyly final foxes haggle blithely de
36	119767	9768	1	42	75043.9219	0.0900000036	0	N	O	1996-02-03	1996-01-21	1996-02-23	COLLECT COD              	SHIP      	accounts sleep furiously bli
37	22630	5133	1	40	62105.1992	0.0900000036	0.0299999993	A	F	1992-07-21	1992-08-01	1992-08-15	NONE                     	REG AIR   	slyly final accounts caj
37	126782	1807	2	39	70542.4219	0.0500000007	0.0199999996	A	F	1992-07-02	1992-08-18	1992-07-28	TAKE BACK RETURN         	RAIL      	regular, final packages are after the
37	12903	5405	3	43	78083.7031	0.0500000007	0.0799999982	A	F	1992-07-10	1992-07-06	1992-08-02	DELIVER IN PERSON        	TRUCK     	fluffily f
38	175839	874	1	44	84252.5234	0.0399999991	0.0199999996	N	O	1996-09-29	1996-11-17	1996-09-30	COLLECT COD              	MAIL      	carefully final packages
39	2320	9821	1	44	53782.0781	0.0900000036	0.0599999987	N	O	1996-11-14	1996-12-15	1996-12-12	COLLECT COD              	RAIL      	theodolites are bold foxes. fi
39	186582	4137	2	26	43383.0781	0.0799999982	0.0399999991	N	O	1996-11-04	1996-10-20	1996-11-20	NONE                     	FOB       	carefully even instructions sleep car
39	67831	5350	3	46	82746.1797	0.0599999987	0.0799999982	N	O	1996-09-26	1996-12-19	1996-10-26	DELIVER IN PERSON        	AIR       	ideas cajole 
39	20590	3093	4	32	48338.8789	0.0700000003	0.0500000007	N	O	1996-10-02	1996-12-19	1996-10-14	COLLECT COD              	MAIL      	final theodolites
39	54519	9530	5	43	63360.9297	0.00999999978	0.00999999978	N	O	1996-10-17	1996-11-14	1996-10-26	COLLECT COD              	MAIL      	ideas haggle 
39	94368	6878	6	40	54494.3984	0.0599999987	0.0500000007	N	O	1996-12-08	1996-10-22	1997-01-01	COLLECT COD              	AIR       	enticingly even
64	85951	5952	1	21	40675.9492	0.0500000007	0.0199999996	R	F	1994-09-30	1994-09-18	1994-10-26	DELIVER IN PERSON        	REG AIR   	furiously regular
65	59694	4705	1	26	42995.9414	0.0299999993	0.0299999993	A	F	1995-04-20	1995-04-25	1995-05-13	NONE                     	TRUCK     	silent, regular accounts wake careful
65	73815	8830	2	22	39353.8203	0	0.0500000007	N	O	1995-07-17	1995-06-04	1995-07-19	COLLECT COD              	FOB       	regular, pending theodolites are
65	1388	3889	3	21	27076.9805	0.0900000036	0.0700000003	N	O	1995-07-06	1995-05-14	1995-07-31	DELIVER IN PERSON        	RAIL      	ironically regular theodolites ha
66	115118	7630	1	31	35126.4102	0	0.0799999982	R	F	1994-02-19	1994-03-11	1994-02-20	TAKE BACK RETURN         	RAIL      	closely bo
66	173489	3490	2	41	64061.6797	0.0399999991	0.0700000003	A	F	1994-02-21	1994-03-01	1994-03-18	COLLECT COD              	AIR       	furiously final waters are sl
67	21636	9143	1	4	6230.52002	0.0900000036	0.0399999991	N	O	1997-04-17	1997-01-31	1997-04-20	NONE                     	SHIP      	carefully final theodolites inte
67	20193	5198	2	12	13358.2803	0.0900000036	0.0500000007	N	O	1997-01-27	1997-02-21	1997-02-22	NONE                     	REG AIR   	carefully bold pa
67	173600	6118	3	5	8368	0.0299999993	0.0700000003	N	O	1997-02-20	1997-02-12	1997-02-21	DELIVER IN PERSON        	TRUCK     	bold excuses wake quickly ac
67	87514	7515	4	44	66066.4375	0.0799999982	0.0599999987	N	O	1997-03-18	1997-01-29	1997-04-13	DELIVER IN PERSON        	RAIL      	pending ideas after the deposits cajole f
67	40613	8126	5	23	35733.0312	0.0500000007	0.0700000003	N	O	1997-04-19	1997-02-14	1997-05-06	DELIVER IN PERSON        	REG AIR   	unusual depos
67	178306	824	6	29	40144.6992	0.0199999996	0.0500000007	N	O	1997-01-25	1997-01-27	1997-01-27	DELIVER IN PERSON        	FOB       	furiously regular ideas abov
68	7068	9569	1	3	2925.17993	0.0500000007	0.0199999996	N	O	1998-07-04	1998-06-05	1998-07-21	NONE                     	RAIL      	ironic, ironic 
68	175180	2732	2	46	57738.2812	0.0199999996	0.0500000007	N	O	1998-06-26	1998-06-07	1998-07-05	NONE                     	MAIL      	special reque
68	34980	7484	3	46	88089.0781	0.0399999991	0.0500000007	N	O	1998-08-13	1998-07-08	1998-08-29	NONE                     	RAIL      	blithely ironic packages sleep f
68	94728	2256	4	20	34454.3984	0.0700000003	0.00999999978	N	O	1998-06-27	1998-05-23	1998-07-02	NONE                     	REG AIR   	fluffily specia
68	82758	5267	5	27	47000.25	0.0299999993	0.0599999987	N	O	1998-06-19	1998-06-25	1998-06-29	DELIVER IN PERSON        	SHIP      	quickly fi
68	102561	5072	6	30	46906.8008	0.0500000007	0.0599999987	N	O	1998-08-11	1998-07-11	1998-08-14	NONE                     	RAIL      	final, regular pinto beans nag a
68	139247	1761	7	41	52735.8398	0.0900000036	0.0799999982	N	O	1998-06-24	1998-06-27	1998-07-06	NONE                     	SHIP      	final, bold dolph
69	115209	7721	1	48	58761.6016	0.00999999978	0.0700000003	A	F	1994-08-17	1994-08-11	1994-09-08	NONE                     	TRUCK     	dependencies serve
69	104180	9201	2	32	37893.7617	0.0799999982	0.0599999987	A	F	1994-08-24	1994-08-17	1994-08-31	NONE                     	REG AIR   	express attainment
69	137267	4807	3	17	22172.4199	0.0900000036	0	A	F	1994-07-02	1994-07-07	1994-07-03	TAKE BACK RETURN         	AIR       	carefully regular requests sleep a
69	37502	2509	4	3	4318.5	0.0900000036	0.0399999991	R	F	1994-06-06	1994-07-27	1994-06-15	NONE                     	MAIL      	regular dependencies are car
69	92070	7089	5	42	44606.9414	0.0700000003	0.0399999991	R	F	1994-07-31	1994-07-26	1994-08-28	DELIVER IN PERSON        	REG AIR   	ideas are carefully pending asymptotes. 
69	18504	1006	6	23	32717.5	0.0500000007	0	A	F	1994-10-03	1994-08-06	1994-10-24	NONE                     	SHIP      	sly theodolites along th
70	64128	9141	1	8	8736.95996	0.0299999993	0.0799999982	R	F	1994-01-12	1994-02-27	1994-01-14	TAKE BACK RETURN         	FOB       	even pinto beans are alongside o
70	196156	1195	2	13	16277.9502	0.0599999987	0.0599999987	A	F	1994-03-03	1994-02-13	1994-03-26	COLLECT COD              	AIR       	excuses haggl
70	179809	7361	3	1	1888.80005	0.0299999993	0.0500000007	R	F	1994-01-26	1994-03-05	1994-01-28	TAKE BACK RETURN         	RAIL      	even packages haggle carefull
70	45734	743	4	11	18477.0293	0.00999999978	0.0500000007	A	F	1994-03-17	1994-03-17	1994-03-27	NONE                     	MAIL      	regular, even pinto beans along the furious
70	37131	2138	5	37	39520.8086	0.0900000036	0.0399999991	R	F	1994-02-13	1994-03-16	1994-02-21	COLLECT COD              	MAIL      	fluffily even deposits nag fluffil
70	55655	3171	6	19	30602.3496	0.0599999987	0.0299999993	A	F	1994-01-26	1994-02-17	1994-02-06	TAKE BACK RETURN         	SHIP      	slyly special ideas after the r
71	61931	1932	1	25	47323.25	0.0900000036	0.0700000003	N	O	1998-04-10	1998-04-22	1998-04-11	COLLECT COD              	FOB       	unusual platelets are
71	65916	3435	2	3	5645.72998	0.0900000036	0.0700000003	N	O	1998-05-23	1998-04-03	1998-06-02	COLLECT COD              	SHIP      	slyly regu
71	34432	1942	3	45	61489.3516	0	0.0700000003	N	O	1998-02-23	1998-03-20	1998-03-24	DELIVER IN PERSON        	SHIP      	accounts lose about the iro
71	96645	9155	4	33	54174.1211	0	0.00999999978	N	O	1998-04-12	1998-03-20	1998-04-15	NONE                     	FOB       	pending accounts sleep furiously pinto 
71	103255	5766	5	39	49071.75	0.0799999982	0.0599999987	N	O	1998-01-29	1998-04-07	1998-02-18	DELIVER IN PERSON        	RAIL      	bravely regular packag
71	195635	674	6	34	58841.4219	0.0399999991	0.00999999978	N	O	1998-03-05	1998-04-22	1998-03-30	DELIVER IN PERSON        	TRUCK     	quickly express ideas detect blithely acros
96	123076	613	1	23	25278.6094	0.100000001	0.0599999987	A	F	1994-07-19	1994-06-29	1994-07-25	DELIVER IN PERSON        	TRUCK     	furiously express f
96	135390	5391	2	30	42761.6992	0.00999999978	0.0599999987	R	F	1994-06-03	1994-05-29	1994-06-22	DELIVER IN PERSON        	TRUCK     	regular ide
97	119477	1989	1	13	19454.1094	0	0.0199999996	R	F	1993-04-01	1993-04-04	1993-04-08	NONE                     	TRUCK     	slyly final packages affix f
97	49568	2073	2	37	56149.7188	0.0199999996	0.0599999987	A	F	1993-04-13	1993-03-30	1993-04-14	DELIVER IN PERSON        	SHIP      	blithely bold deposits are at th
97	77699	5221	3	19	31857.1094	0.0599999987	0.0799999982	R	F	1993-05-14	1993-03-05	1993-05-25	TAKE BACK RETURN         	RAIL      	permanent hockey players
98	40216	217	1	28	32373.8809	0.0599999987	0.0700000003	A	F	1994-12-24	1994-10-25	1995-01-16	COLLECT COD              	REG AIR   	final, silent ideas wake fluffily regular m
98	109743	7274	2	1	1752.73999	0	0	A	F	1994-12-01	1994-12-12	1994-12-15	DELIVER IN PERSON        	TRUCK     	carefully pen
98	44706	4707	3	14	23109.8008	0.0500000007	0.0199999996	A	F	1994-12-30	1994-11-22	1995-01-27	COLLECT COD              	AIR       	regular deposits wake
98	167180	7181	4	10	12471.7998	0.0299999993	0.0299999993	A	F	1994-10-23	1994-11-08	1994-11-09	COLLECT COD              	RAIL      	regular braids s
99	87114	4639	1	10	11011.0996	0.0199999996	0.00999999978	A	F	1994-05-18	1994-06-03	1994-05-23	COLLECT COD              	RAIL      	unusual, ironi
99	123766	3767	2	5	8948.7998	0.0199999996	0.0700000003	R	F	1994-05-06	1994-05-28	1994-05-20	TAKE BACK RETURN         	RAIL      	blithely unusual t
99	134082	1622	3	42	46875.3594	0.0199999996	0.0199999996	A	F	1994-04-19	1994-05-18	1994-04-20	NONE                     	RAIL      	blithely regular deposits
99	108338	849	4	36	48467.8789	0.0900000036	0.0199999996	A	F	1994-07-04	1994-04-17	1994-07-30	DELIVER IN PERSON        	AIR       	quickly regular packages cajole furious
100	62029	2030	1	28	27748.5605	0.0399999991	0.0500000007	N	O	1998-05-08	1998-05-13	1998-06-07	COLLECT COD              	TRUCK     	stealthily ironic packages according to th
100	115979	8491	2	22	43889.3398	0	0.0700000003	N	O	1998-06-24	1998-04-12	1998-06-29	DELIVER IN PERSON        	SHIP      	regular depo
100	46150	8655	3	46	50422.8984	0.0299999993	0.0399999991	N	O	1998-05-02	1998-04-10	1998-05-22	TAKE BACK RETURN         	SHIP      	furiously regular accounts hagg
100	38024	3031	4	14	13468.2803	0.0599999987	0.0299999993	N	O	1998-05-22	1998-05-01	1998-06-03	COLLECT COD              	MAIL      	carefully even pinto beans after the dog
100	53439	955	5	37	51519.9102	0.0500000007	0	N	O	1998-03-06	1998-04-16	1998-03-31	TAKE BACK RETURN         	TRUCK     	slyly special packages nag against t
\.

COPY nation (n_nationkey, n_name, n_regionkey, n_comment) FROM stdin;
0	ALGERIA                  	0	final accounts wake quickly. special reques
1	ARGENTINA                	1	idly final instructions cajole stealthily. regular instructions wake carefully blithely express accounts. fluffi
2	BRAZIL                   	1	always pending pinto beans sleep sil
3	CANADA                   	1	foxes among the bold requests
4	EGYPT                    	4	pending accounts haggle furiously. furiously bold accounts detect. platelets at the packages haggle caref
5	ETHIOPIA                 	0	fluffily ruthless requests integrate fluffily. pending ideas wake blithely acco
6	FRANCE                   	3	even requests detect near the pendin
7	GERMANY                  	3	blithely ironic foxes grow. quickly pending accounts are b
8	INDIA                    	2	ironic packages should have to are slyly around the special, ironic accounts. iron
9	INDONESIA                	2	unusual excuses are quickly requests. slyly ironic accounts haggle carefully above the pendin
10	IRAN                     	4	blithely even accounts about the furiously regular foxes nag slyly final accounts. quickly final fo
11	IRAQ                     	4	express, pending deposits boost quick
12	JAPAN                    	2	blithely final packages cajole quickly even dependencies? blithely regular deposits haggle express, ironic re
13	JORDAN                   	4	blithe, express deposits boost carefully busy accounts. furiously pending depos
14	KENYA                    	0	ironic requests boost. quickly pending pinto beans cajole slyly slyly even deposits. ironic packages 
15	MOROCCO                  	0	ideas according to the fluffily final pinto beans sleep furiously
16	MOZAMBIQUE               	0	ironic courts wake fluffily even, bold deposi
17	PERU                     	1	final, final accounts sleep slyly across the requests. 
18	CHINA                    	2	bold accounts are. slyly ironic escapades haggle acc
19	ROMANIA                  	3	deposits boost against the brave id
20	SAUDI ARABIA             	4	fluffily final accounts wake slyly-- fi
21	VIETNAM                  	2	doggedly ironic requests haggle furiously ironic, ironic packages. furiously final courts wake fur
22	RUSSIA                   	3	slowly pending patterns x-ray quickly. ironic, even accounts haggle furiously. even, final deposits mold bl
23	UNITED KINGDOM           	3	fluffily regular pinto beans breach according to the ironic dolph
24	UNITED STATES            	1	blithely regular deposits serve furiously blithely regular warthogs! slyly fi
\.

COPY orders (o_orderkey, o_custkey, o_orderstatus, o_totalprice, o_orderdate, o_orderpriority, o_clerk, o_shippriority, o_comment) FROM stdin;
1	36901	O	173665.469	1996-01-02	5-LOW          	Clerk#000000951	0	blithely final dolphins solve-- blithely blithe packages nag blith
2	78002	O	46929.1797	1996-12-01	1-URGENT       	Clerk#000000880	0	quickly regular depend
3	123314	F	193846.25	1993-10-14	5-LOW          	Clerk#000000955	0	deposits alongside of the dependencies are slowly about 
4	136777	O	32151.7793	1995-10-11	5-LOW          	Clerk#000000124	0	final requests detect slyly across the blithely bold pinto beans. eve
5	44485	F	144659.203	1994-07-30	5-LOW          	Clerk#000000925	0	even deposits cajole furiously. quickly spe
6	55624	F	58749.5898	1992-02-21	4-NOT SPECIFIED	Clerk#000000058	0	ironically bold asymptotes sleep blithely beyond the regular, clos
7	39136	O	252004.188	1996-01-10	2-HIGH         	Clerk#000000470	0	ironic, regular deposits are. ironic foxes sl
32	130057	O	208660.75	1995-07-16	2-HIGH         	Clerk#000000616	0	slyly final foxes are slyly. packag
33	66958	F	163243.984	1993-10-27	3-MEDIUM       	Clerk#000000409	0	packages maintain about the deposits; foxes hang after 
34	61001	O	58949.6719	1998-07-21	3-MEDIUM       	Clerk#000000223	0	quickly express asymptotes use. carefully final packages sleep f
35	127588	O	253724.562	1995-10-23	4-NOT SPECIFIED	Clerk#000000259	0	fluffily regular pinto beans 
36	115252	O	68289.9609	1995-11-03	1-URGENT       	Clerk#000000358	0	carefully ironic accounts nag
37	86116	F	206680.656	1992-06-03	3-MEDIUM       	Clerk#000000456	0	express requests ar
38	124828	O	82500.0469	1996-08-21	4-NOT SPECIFIED	Clerk#000000604	0	slyly quick pinto beans detect flu
39	81763	O	341734.469	1996-09-20	3-MEDIUM       	Clerk#000000659	0	furiously unusual pinto beans above the furiously ironic asymptot
64	32113	F	39414.9883	1994-07-16	3-MEDIUM       	Clerk#000000661	0	final deposits nag. blithely special deposits a
65	16252	P	110643.602	1995-03-18	1-URGENT       	Clerk#000000632	0	furiously even platelets boost ironic theodolites. even 
66	129200	F	103740.672	1994-01-20	5-LOW          	Clerk#000000743	0	ironic requests are quickly about the carefully unusual a
67	56614	O	169405.016	1996-12-19	4-NOT SPECIFIED	Clerk#000000547	0	regular, bold foxes across the even requests detect a
68	28547	O	330793.531	1998-04-18	3-MEDIUM       	Clerk#000000440	0	stealthy decoys nag; furiously
69	84487	F	197689.484	1994-06-04	4-NOT SPECIFIED	Clerk#000000330	0	carefully regular theodolites exce
70	64340	F	113534.422	1993-12-18	5-LOW          	Clerk#000000322	0	blithely unusual pack
71	3373	O	276992.75	1998-01-24	4-NOT SPECIFIED	Clerk#000000271	0	furiously ironic dolphins sleep slyly. carefully special notornis cajole c
96	107779	F	68989.8984	1994-04-17	2-HIGH         	Clerk#000000395	0	carefully regular accounts 
97	21061	F	110512.844	1993-01-29	3-MEDIUM       	Clerk#000000547	0	carefully even packages believe sly
98	104480	F	69168.3281	1994-09-25	1-URGENT       	Clerk#000000448	0	carefully even dinos sleep blithely. regular, bold deposits
99	88910	F	112126.953	1994-03-13	4-NOT SPECIFIED	Clerk#000000973	0	carefully regular theodolites may believe unu
100	147004	O	187782.625	1998-02-28	4-NOT SPECIFIED	Clerk#000000577	0	regular deposits sleep closely regular, regular packages. carefully si
\.

COPY part (p_partkey, p_name, p_mfgr, p_brand, p_type, p_size, p_container, p_retailprice, p_comment) FROM stdin;
1	goldenrod lace spring peru powder	Manufacturer#1           	Brand#13  	PROMO BURNISHED COPPER	7	JUMBO PKG 	901	final deposits s
2	blush rosy metallic lemon navajo	Manufacturer#1           	Brand#13  	LARGE BRUSHED BRASS	1	LG CASE   	902	final platelets hang f
3	dark green antique puff wheat	Manufacturer#4           	Brand#42  	STANDARD POLISHED BRASS	21	WRAP CASE 	903	unusual excuses ac
4	chocolate metallic smoke ghost drab	Manufacturer#3           	Brand#34  	SMALL PLATED BRASS	14	MED DRUM  	904	ironi
5	forest blush chiffon thistle chocolate	Manufacturer#3           	Brand#32  	STANDARD POLISHED TIN	15	SM PKG    	905	pending, spe
6	white ivory azure firebrick black	Manufacturer#2           	Brand#24  	PROMO PLATED STEEL	4	MED BAG   	906	pending pinto be
7	blue blanched tan indian olive	Manufacturer#1           	Brand#11  	SMALL PLATED COPPER	45	SM BAG    	907	blithely ironic
8	ivory khaki cream midnight rosy	Manufacturer#4           	Brand#44  	PROMO BURNISHED TIN	41	LG DRUM   	908	furiously eve
9	thistle rose moccasin light floral	Manufacturer#4           	Brand#43  	SMALL BURNISHED STEEL	12	WRAP CASE 	909	thinly even request
10	floral moccasin royal powder burnished	Manufacturer#5           	Brand#54  	LARGE BURNISHED STEEL	44	LG CAN    	910.01001	bold, ironic 
11	chocolate turquoise sandy snow misty	Manufacturer#2           	Brand#25  	STANDARD BURNISHED NICKEL	43	WRAP BOX  	911.01001	furiousl
12	peru ivory olive powder frosted	Manufacturer#3           	Brand#33  	MEDIUM ANODIZED STEEL	25	JUMBO CASE	912.01001	quietly even foxes 
13	ghost blue olive sky gainsboro	Manufacturer#5           	Brand#55  	MEDIUM BURNISHED NICKEL	1	JUMBO PACK	913.01001	platelets poach blith
14	linen seashell burnished blue gainsboro	Manufacturer#1           	Brand#13  	SMALL POLISHED STEEL	28	JUMBO BOX 	914.01001	special, regular
15	navajo dark sky turquoise royal	Manufacturer#1           	Brand#15  	LARGE ANODIZED BRASS	45	LG CASE   	915.01001	carefully fi
16	deep brown turquoise dim papaya	Manufacturer#3           	Brand#32  	PROMO PLATED TIN	2	MED PACK  	916.01001	slyly final de
17	burnished navy orange dodger cream	Manufacturer#4           	Brand#43  	ECONOMY BRUSHED STEEL	16	LG BOX    	917.01001	slyly regular do
18	spring indian forest khaki midnight	Manufacturer#1           	Brand#11  	SMALL BURNISHED STEEL	42	JUMBO PACK	918.01001	ironic, iro
19	dodger forest floral cream black	Manufacturer#2           	Brand#23  	SMALL ANODIZED NICKEL	33	WRAP BOX  	919.01001	blithely pe
20	bisque salmon dark blanched linen	Manufacturer#1           	Brand#12  	LARGE POLISHED NICKEL	48	MED BAG   	920.02002	slyly ironi
21	lemon aquamarine firebrick floral almond	Manufacturer#3           	Brand#33  	SMALL BURNISHED TIN	31	MED BAG   	921.02002	furiously even co
22	medium floral beige cornsilk olive	Manufacturer#4           	Brand#43  	PROMO POLISHED BRASS	19	LG DRUM   	922.02002	ironic, 
23	firebrick bisque slate rose blanched	Manufacturer#3           	Brand#35  	MEDIUM BURNISHED TIN	42	JUMBO JAR 	923.02002	slyly special inst
24	saddle dim white honeydew spring	Manufacturer#5           	Brand#52  	MEDIUM PLATED STEEL	20	MED CASE  	924.02002	express deposits
25	blush forest magenta metallic turquoise	Manufacturer#5           	Brand#55  	STANDARD BRUSHED COPPER	3	JUMBO BAG 	925.02002	slyly pending p
\.

COPY partsupp (ps_partkey, ps_suppkey, ps_availqty, ps_supplycost, ps_comment) FROM stdin;
1	2	3325	771.640015	requests after the carefully ironic ideas cajole alongside of the enticingly special accounts. fluffily regular deposits haggle about the blithely ironic deposits. regular requests sleep c
1	2502	8076	993.48999	careful pinto beans wake slyly furiously silent pinto beans. accounts wake pendi
1	5002	3956	337.089996	boldly silent requests detect. quickly regular courts are. instructions haggle ironic foxes. sometimes final orbits cajole fluffily around the unusual foxes. slyly silent theodolites cajole r
1	7502	4069	357.839996	regular deposits are. furiously even packages cajole furiously. even pinto beans boost furiously final dependencies. f
2	3	8895	378.48999	furiously even asymptotes are furiously regular plate
2	2503	4969	915.27002	even accounts wake furiously. idle instructions sleep in 
2	5003	8539	438.369995	furiously even pinto beans serve about the ironic idea
2	7503	3025	306.390015	deposits according to the final, special foxes detec
3	4	4651	920.919983	ironic, pending theodolites sleep slyly at the slyly final foxes. slyly ironic accounts sleep express accounts. quickly fina
3	2504	4093	498.130005	furiously final requests nag after the even instructions. quickly pending accounts with the ironic packages sleep quickly blithely 
3	5004	3917	645.400024	ideas along the fluffily special deposits detect furiously furiously quiet attainments. slyly special theodolites affix among the furiously bold dolphins. slyly final 
3	7504	9942	191.919998	blithely silent accounts across the thinly ironic deposits are carefully ideas. always bold instructions dazzle carefully. fluffily pending dependencies boost! quickly express orbits nag. bra
4	5	1339	113.970001	furiously even accounts sleep. slyly regular deposits hag
4	2505	6377	591.179993	sometimes silent accounts engage slyly with the unusual accounts. carefully s
4	5005	2694	51.3699989	final deposits detect according to the blithely final packages. furiously unusual accounts engage carefully final reque
4	7505	2480	444.369995	carefully silent platelets haggle accounts? ironic ideas engage furiously along the regular, unusual deposits. carefully silent theodolites cajole quickly. even, regular t
5	6	3735	255.880005	even, ironic requests snooze blithely throughout the carefully pending deposits. busy deposits mold blithely after the furiously final pinto beans. regular, unus
5	2506	9653	50.5200005	even requests use quickly furiously pending foxes. regular gifts across the fluffily regular instructions haggle fluffily according to the careful realms. final packages along the fin
5	5006	1329	219.830002	fluffily final accounts against the slyly regular packages cajole special packages. blithe
5	7506	6925	537.97998	furiously regular dolphins wake furiously above the slyly unusual ideas. regular accounts among the packages wake blithely even packages. bold foxes above the furiously bold packages affix slyly t
6	7	8851	130.720001	carefully regular asymptotes wake slyly according to the quickly re
6	2507	1627	424.25	packages after the blithely ironic deposits engage quickly around the slyly unusual accounts. quickly pending theodolites boost. requests sleep speci
6	5007	3336	642.130005	ironic theodolites hang blithe, regular requests. final requests sleep furious
6	7507	6451	175.320007	regular, ironic accounts sleep ruthlessly around the deposits. slyly final deposits boost about the pending, bold grouches. silent, even theodolites along the final, even ideas cajole blithely 
7	8	7454	763.97998	carefully even ideas should wake. blithely final instructions are special foxes. pending, ironic requests wake blithely about the furiously regular foxes. ironic idea
7	2508	2770	149.660004	special, final foxes alongside of the furiously unusual excuses haggle carefully regular deposits. slyly regular courts about the ironic, final accounts cajole slyly across the fl
7	5008	3377	68.7699966	regular platelets detect blithely? unusual requests along the express foxes haggle after the regular forges. furiously regular excuses haggle 
7	7508	9460	299.579987	blithely regular deposits use. pending packages cajole special hockey players. s
8	9	6834	249.630005	furiously unusual instructions use quickly. unusual deposits among the regular deposits doze unusual epitaph
8	2509	396	957.340027	furiously ruthless depths detect alongside of the express, final accounts. carefully 
8	5009	9845	220.619995	slyly regular instructions unwind furiously. regular accounts hang furiously until the blithely pending decoys. deposits after the carefully regular instructions haggle furi
8	7509	8126	916.909973	final deposits wake slyly final, regular accounts. bold excuses haggle slyly about the pending theodolites. carefully final packages hang quickly above the slyly even frets. boldly ironic
9	10	7054	84.1999969	final ideas through the requests boost quickly about the furiously regular accounts. blithely silent foxes affix carefully ironic instructions. blithely bold foxe
9	2510	7542	811.840027	carefully unusual dependencies cajole fluffily beyond the quickly bold
9	5010	9583	381.309998	carefully ironic pinto beans nag against the quickly regular somas. regular, ironic deposits wake
9	7510	3063	291.839996	doggedly ironic waters are furiously. bold dependencie
10	11	2952	996.119995	blithely even foxes nag furiously about the quickly ex
10	2511	3335	673.27002	final, regular foxes cajole carefully about the blithely express accounts. carefully regular platelets against the silent pinto beans sleep carefully among the blithely regular foxes. final r
10	5011	5691	164	carefully express accounts wake ruthlessly. carefully ironic frets haggle furi
10	7511	841	374.019989	pending, pending requests may haggle sometimes. silent pinto beans are blithe
11	12	4540	709.869995	final packages mold after the carefully unusual requests. quickly fi
11	2512	4729	894.900024	regular packages sleep carefully fluffily ironic ac
11	5012	3708	818.73999	slyly pending theodolites wake quickly unusual, express accounts. fluffily regular requests cajole furiously quickly even dugouts. slyly bold platelets 
11	7512	3213	471.980011	ideas nag regular instructions. regular, thin pinto beans unwind furiously ironic accounts. quickly express platele
12	13	3610	659.72998	unusual dolphins sleep slyly. ironic deposits use fluffily. carefully unusual platelets poach slyly. evenly pending deposits nag ironi
12	2513	7606	332.809998	slyly daring foxes nag slyly-- carefully special foxes integrate final accounts. accounts sleep slyly furiously special accounts. ironic, 
12	5013	824	337.059998	quickly special pinto beans haggle quickly above the e
12	7513	5454	901.700012	regular ideas sleep about the ironic pinto beans. furious
13	14	612	169.440002	blithely special theodolites serve quickly. regular deposits are alongside of the fluffily sl
13	2514	7268	862.700012	regular, regular packages integrate furiously across the quickly ironic deposits. furiously unusual foxes cajole bravely after the iron
13	5014	864	38.6399994	furiously regular pinto beans wake quickly furiously regular dependencies. carefully silent requests cajole furiously final theodo
13	7514	9736	327.179993	slyly bold packages doubt slyly among the pending, regular instructions. instructions among the always final accounts mold thinly carefully bold foxes. blithely pending ideas integ
14	15	5278	650.070007	quickly even deposits doze quickly pending, bold deposits. carefully regular packages sublate carefully
14	2515	5334	889.5	express instructions affix quickly. slyly bold requests use. special, express foxes haggle fluffily express deposits. silently even pinto beans throughout the blithely iron
14	5015	3676	893.390015	carefully final orbits breach along the quickly ironic requests. evenly unusual instructions along the slyly final 
14	7515	4947	310.130005	blithely final pinto beans wake special instructions. regular theodolites cajole slyly unusual foxes. fluff
15	16	7047	835.700012	packages haggle across the carefully express ideas. slyly bold instructions promise even, express packages. furiously ironic acc
15	2516	3336	784.549988	unusual requests instead of the blithely stealthy excuses cajole
15	5016	3316	265.890015	carefully even foxes ought to cajole. carefully special deposits hang. quic
15	7516	5255	458.670013	carefully unusual requests above the fluffily unusual packages wake about the deposits. regular accounts use blithely slyly special packages? carefully final deposits are special platelets. fur
16	17	5282	709.159973	final, final orbits hang slyly. blithely pending dolphins haggle. deposit
16	2517	9412	887.530029	express, special requests solve against the carefully regular packages-- slyly final excuses mold blithely across the blithely regular pinto beans. blithely iron
16	5017	854	781.909973	slow ideas use quickly asymptotes. quickly final pinto beans boost against the deposits-- final pinto beans sleep. carefully even dependencies sleep. quickly regular t
16	7517	1491	918.51001	blithely regular deposits across the furiously ironic packages integrate above the quickly express accounts. carefully final dolphins shall have to haggle blithely. carefully 
17	18	8555	995.349976	final deposits among the quickly unusual deposits detect unusual, final dependencies. theodolites cajole blithely. final, express depths wake blithely. slyly regular requests sleep. carefully regu
17	2518	7737	648.75	deposits boost slyly. furiously dogged packages wake blithely even attainments. furiously ironic dolphins print bold, even instructions. courts detect. ironic requests accordin
17	5018	3123	555.039978	quickly final deposits are fluffily. brave packages use slyly. carefull
17	7518	3203	64.4000015	fluffily sly instructions use slyly fluffily even excuses. furiously regular pinto beans among the quickly special
18	19	1125	664.169983	furiously final packages wake furiously according to the furiously even packages. fluffily even deposits unwind carefully. instructions sleep furiously; 
18	2519	8132	52.4399986	instructions use quickly. slyly ironic theodolites sublate blithely along the carefully final platelets. asymptotes use requests. carefully pending instructions
18	5019	3133	568.609985	express dolphins cajole carefully along the ironic requests. quickly regular accounts haggle fluffily final packages. slyly final packages along the
18	7519	6475	386.290009	instructions are along the blithely special requests. dolphins
19	20	1416	144.800003	silent packages impress fluffily slyly even theodolites. ironic deposits nag carefully excuses. express deposits wake slyly. 
19	2520	5467	405.700012	regular packages cajole slyly unusual packages. even deposits detect regular deposits. ironic, special theodolit
19	5020	8800	635.659973	asymptotes cajole against the carefully pending Tiresias. stealthy, bold excuses according to the quickly final instruction
19	7520	1340	346.920013	slow deposits sleep blithely slyly final deposits. ironic deposits cajole furiously enticingly final packages! furiously bold asymptotes sleep along the quickly even ideas. quickly ironic 
20	21	2927	675.539978	slyly ironic deposits nag across the carefully regular somas. regular, even foxes cajole blithely ironic accounts. dolphins cajole carefully after the blithely express foxes. unusual 
20	2521	2723	305.839996	fluffily even pinto beans ought to nag furiously above the slyly ironic pinto beans. carefully even courts mold. slyly special instructions among the fluffy, ruthless attainments a
20	5021	5905	546.659973	final instructions nag quickly around the unusual, thin pinto beans. final foxes nag among the thin, even foxes. furi
20	7521	4271	115.889999	blithely ironic deposits cajole ironic foxes. blithely unusual gifts alongside of the carefully ironic foxes integrate above the special pinto beans. furiously final dolphins use careful
21	22	6571	944.440002	fluffily ironic depths wake slyly besides the packages. blithely unusual deposits boost about the regular pinto be
21	2522	1704	139.050003	carefully regular courts are. bold requests sleep. unusual deposits breach quickly. daringly regular pinto beans mold carefully. pending d
21	5022	7153	664.5	blithely enticing dependencies affix slyly regular, unusual reque
21	7522	367	584.859985	blithely busy deposits wake. blithely final packages cajole blithely furiously unusual requests. d
22	23	4410	786.179993	foxes solve blithely against the deposits. ironic, even accounts unwind requests. foxes might wake pending, even platelets. final braids 
22	2523	9779	635.840027	slyly dogged accounts detect. regular frets boost
22	5023	7834	359.160004	blithely final platelets wake furiously. quickly even n
22	7523	1434	597.210022	requests are slyly accounts. theodolites above the carefully even requests boost furiously about the fluffily final pa
23	24	2739	460.119995	ironic, regular foxes wake carefully. carefully final notornis according to the final requests nag furiously furiously brave dependencies. foxes wake about the ideas
23	2524	5739	103.129997	fluffily regular instructions use. blithely unusual requests believe blithely. pinto beans sleep carefully. regular ideas against the slyly r
23	5024	9898	233.940002	blithely ironic courts wake above the carefully unusual requests. ironic foxes nag fluffily at the accounts. platelets along the doggedly special asymptotes are even 
23	7524	7035	51.75	accounts sleep carefully unusual accounts. blithely ironic ideas above the quickly stealthy instructions sleep slyly after the carefully special requests. even pinto beans use blithely along
24	25	5180	905.409973	fluffily bold packages cajole accounts. accounts nag fluffily slyly special deposits. furi
24	2525	2227	511.200012	carefully even instructions are fluffily at the regular requests. quickly final packages doubt blithely beside the slyly even accounts.
24	5025	7182	582.030029	bold, even pinto beans against the final pinto beans
24	7525	5318	62.1500015	silent pinto beans at the slyly bold excuses boost blithely across the slyly regular courts. unusual, pending requests cajole re
25	26	9029	832.73999	furiously express theodolites use. blithely ironic accounts cajole about the dependencies. ironic requests affix thinly blithely bold theodolit
25	2526	9062	928.960022	furiously silent dolphins dazzle slyly. unusual, bold orbits according to the pendi
25	5026	9946	694.349976	carefully fluffy asymptotes should have to wake. express, regular requests acr
25	7526	7340	746.590027	furiously regular deposits use carefully against the quickly unusual deposits. carefully special requests integrate carefully ironic accounts. busily ironic deposits alongside 
\.

COPY region (r_regionkey, r_name, r_comment) FROM stdin;
0	AFRICA                   	special Tiresias about the furiously even dolphins are furi
1	AMERICA                  	even, ironic theodolites according to the bold platelets wa
2	ASIA                     	silent, bold requests sleep slyly across the quickly sly dependencies. furiously silent instructions alongside 
3	EUROPE                   	special, bold deposits haggle foxes. platelet
4	MIDDLE EAST中東            	furiously unusual packages use carefully above the unusual, exp
\.

COPY "SUPPLIER" (s_suppkey, "S_NAME", s_address, s_nationkey, s_phone, s_acctbal, s_comment) FROM stdin;
2	Supplier#000000002       	89eJ5ksX3ImxJQBvxObC,	5	15-679-861-2259	4032.67993	furiously stealthy frays thrash alongside of the slyly express deposits. blithely regular req
3	Supplier#000000003       	q1,G3Pj6OjIuUYfUoH18BFTKP5aU9bEV3	1	11-383-516-1199	4192.3999	furiously regular instructions impress slyly! carefu
4	Supplier#000000004       	Bk7ah4CK8SYQTepEmvMkkgMwg	15	25-843-787-7479	4641.08008	final ideas cajole. furiously close dep
5	Supplier#000000005       	Gcdm2rJRzl5qlTVzc	11	21-151-690-3663	-283.839996	carefully silent instructions are slyly according t
6	Supplier#000000006       	tQxuVm7s7CnK	14	24-696-997-4969	1365.79004	even requests wake carefully! fluffily final pinto beans run slyly among t
7	Supplier#000000007       	s,4TicNGB4uO6PaSqNBUq	23	33-990-965-2201	6820.3501	carefully express packages believe furiously after the fur
8	Supplier#000000008       	9Sq4bBH2FQEmaFOocY45sRTxo6yuoG	17	27-498-742-3860	7627.8501	carefully express escapades are slyly 
9	Supplier#000000009       	1KhUgZegwM3ua7dsYmekYBsK	10	20-403-398-8662	5302.37012	slyly regular decoys mold slyly ironic dugouts. requests are carefully-- carefully
10	Supplier#000000010       	Saygah3gYWMp72i PY	24	34-852-489-8585	3891.90991	ironic deposits poach quickly furiously final accounts. carefull
11	Supplier#000000011       	JfwTs,LZrV, M,9C	18	28-613-996-1505	3393.08008	quickly bold asymptotes mold carefully unusual pearls. requests boost at the blith
12	Supplier#000000012       	aLIW  q0HYd	8	18-179-925-7181	1432.68994	evenly pending theodolites lose. 
13	Supplier#000000013       	HK71HQyWoqRWOX8GI FpgAifW,2PoH	3	13-727-620-7813	9107.21973	ironically busy packages thrash 
14	Supplier#000000014       	EXsnO5pTNj4iZRm	15	25-656-247-5058	9189.82031	enticingly bold platelets wake against the
15	Supplier#000000015       	olXVbNBfVzRqgokr1T,Ie	8	18-453-357-6394	308.559998	regular attainments cajole. furiously final reques
16	Supplier#000000016       	YjP5C55zHDXL7LalK27zfQnwejdpin4AMpvh	22	32-822-502-4215	2972.26001	quick, final pains above the ironic, final instructions use furio
17	Supplier#000000017       	c2d,ESHRSkK3WYnxpgw6aOqN0q	19	29-601-884-9219	1687.81006	slyly pending deposits boost quickly.
18	Supplier#000000018       	PGGVE5PWAMwKDZw 	16	26-729-551-1115	7040.81982	carefully pending deposits haggle regular the
19	Supplier#000000019       	edZT3es,nBFD8lBXTGeTl	24	34-278-310-2731	6150.37988	quickly regular pinto beans mold blithely slyly pending packages. unusual platelets are furiou
20	Supplier#000000020       	iybAE,RmTymrZVYaFZva2SH,j	3	13-715-945-6730	530.820007	finally regular asymptotes play furiously among the carefully special warhorses. slyly
21	Supplier#000000021       	81CavellcrJ0PQ3CPBID0Z0JwyJm0ka5igEs	2	12-253-590-5816	9365.7998	bravely ironic Tiresias run carefully. regular deposits integrate with the fluffily even f
22	Supplier#000000022       	okiiQFk 8lm6EVX6Q0,bEcO	4	14-144-830-2814	-966.200012	slyly special waters wake fluffily along the unusual package
23	Supplier#000000023       	ssetugTcXc096qlD7 2TL5crEEeS3zk	9	19-559-422-5776	5926.41016	carefully special requests haggle. furiously busy theodolites haggle b
24	Supplier#000000024       	C4nPvLrVmKPPabFCj	0	10-620-939-2254	9170.70996	quietly even theodolites alongside of the blithely special pin
25	Supplier#000000025       	RCQKONXMFnrodzz6w7fObFVV6CUm2q	22	32-431-945-3541	9198.30957	even excuses wake about the carefully special packa
26	Supplier#000000026       	iV,MHzAx6Z939uzFNkq09M0a1 MBfH7	21	31-758-894-4436	21.1800003	slyly unusual pinto beans sleep carefully alongside of the furiously sly frets. regular, regula
2502	Supplier#000002502       	WwZj0jzQ5Znb6NJIxgPAqS,vZu6IX	1	11-806-724-3037	5344.68018	fluffily final deposits wake carefully bold accounts; silent accounts s
2503	Supplier#000002503       	DN in fCWeZe Z8ValtBEdwywt9tU48yplcAQc 7	2	12-403-106-5364	110.589996	quietly final excuses might mold 
2504	Supplier#000002504       	tfZRDUl9jXa j	19	29-420-164-3183	8562.34961	requests haggle blithely regular foxes. slyly unusu
2505	Supplier#000002505       	QgRYtv8XPssUkrih7Pc6Nau9fgHvh01rrp	15	25-666-134-6990	3448.15991	blithely even packages boost. never silent pin
2506	Supplier#000002506       	adoloJGA7m7CVTyzzOCg9rV	11	21-105-487-9563	3280.67993	slyly even tithes across t
2507	Supplier#000002507       	6E0NMc6A64sZUSrEtTp	10	20-205-336-3196	4347.08984	never special theodolites sleep bli
2508	Supplier#000002508       	rolzg7UZ3KxV6U	12	22-961-254-1433	8576.87988	ironic, regular asymptotes ha
2509	Supplier#000002509       	TV cQFJuOUUaJaZGSG	5	15-163-414-7176	5616.70996	deposits along the blithely unusual packages are against the ca
2510	Supplier#000002510       	J3xtZTxnkUrG0KjE 9ru76PJGpGINiciqU31	5	15-761-995-7298	7055.81006	special deposits after the unusual, regular deposits wake slyly across the pinto beans.
2511	Supplier#000002511       	Ys8TacFEOq1E41NDAHESYmaXBuR	17	27-852-513-4637	4998.33984	final gifts are slyly. carefully unusu
2512	Supplier#000002512       	Tl8qaTO 4k0tMuYRARcsaW8kO5ABOIrrgoatxf2D	6	16-137-555-4045	9077.5	final warthogs across the bold ins
2513	Supplier#000002513       	nsHTqAc8vuw0sx0Z	19	29-819-858-5280	4582.5	carefully special packages 
2514	Supplier#000002514       	Ur93sG8TyZehI3UjA4AXhmsmGIso	17	27-562-380-6184	5134.16016	regular, ironic frets above the even packages so
2515	Supplier#000002515       	pFcun6TefWByFbtruvgys7IUoSUV	1	11-930-354-3487	3826.42993	ironic deposits wake. instructions according to the carefully regular packages haggle fluff
2516	Supplier#000002516       	4m wG67rDQpzzCaJcxEpnQhdBONg6E60b GKY	4	14-642-300-7682	2819.79004	regular packages cajole. final accounts wake furiously ironic, even dependencies. fu
2517	Supplier#000002517       	uUBLDC5YRPCF9 bdXiB2FTWSmW5ofWUWT,2BT	16	26-197-426-5039	2238.82007	regular, pending requests sublate carefully alongside of th
2518	Supplier#000002518       	aYEA SkVHs7KV8m5ZAT,PihWBgyyVmu3f3CO4lB	10	20-679-460-8455	5758.68018	bold notornis against the quickly even deposits are furiously for the unusual, sly exc
2519	Supplier#000002519       	SkmiSEA, OwoQRSOF	1	11-817-659-6741	6121.8501	furiously express packages haggle. slyly regular instructions wake blithely. 
2520	Supplier#000002520       	5y55UzYQKByZP3	21	31-826-707-8432	4965.25977	quickly dogged pinto beans sleep blithely. carefully special waters afte
2521	Supplier#000002521       	UeoELXSGq2eKHSImwz5ZcF0K 5V3mQUt6sPJ8hB	11	21-779-583-9438	3159.28003	finally special courts upon the slyly even req
2522	Supplier#000002522       	n7Zcn1iWbfuwRX49I6e	16	26-228-116-5164	9997.04004	quickly regular accounts haggle quic
2523	Supplier#000002523       	enQWFlNzV6oLMbXOBmSTt	4	14-690-302-5291	4316.22021	idly regular requests are. pendin
2524	Supplier#000002524       	CXLC5IFTBdK iGu	24	34-991-307-3040	6710.27002	furiously pending packages are slyly? excuses are blithely regular deposits. ironic braids na
2525	Supplier#000002525       	FP7jl0FjGgC1SRsGw6HaReHx3z7FB4bWvZ3 aFMh	7	17-384-868-8732	5490.9502	permanently express accounts wake slyly. furiously unusual courts across the iron
2526	Supplier#000002526       	8JWRGgabYBoXKYaQlmUt28W	22	32-171-767-7340	5465.41992	special pinto beans thrash slyly after the carefully express wartho
5002	Supplier#000005002       	jJqsKkqMIf8nOaY5LYQvNGpGkj	17	27-263-154-3728	3784.27002	requests are. express packages wake quickly even ideas. furiously ironic ideas impress
5003	Supplier#000005003       	dv34hDJQK,S9C6HIxdkX AbHvFe	14	24-644-394-1098	9244.33984	express courts breach slyly 
5004	Supplier#000005004       	qqvcCZJed1FncoUJ5mo0dIOgU7zzVHP	20	30-428-595-9706	3721.34009	regular accounts above the furiously unusual packages subl
5005	Supplier#000005005       	K6 GI4WzmbsGEOh	21	31-985-368-1464	7595.47998	bold theodolites sleep. slyly unusual th
5006	Supplier#000005006       	Xvpl9rlgriF4B	1	11-843-342-5499	233.410004	idly ironic requests boost carefully unusual asymptotes. regul
5007	Supplier#000005007       	x5WnKISytOqIfLjMDpIyNvvC09	12	22-587-787-1054	4885.37988	unusual foxes nag after the sl
5008	Supplier#000005008       	RxAVQWjolHk,kzy	18	28-568-926-6014	2633.84009	bold, ironic theodolites mold. requests can nod quickly.
5009	Supplier#000005009       	rfogc0eRdxzvjpWAj,dNi	19	29-469-419-9952	871.960022	blithely regular packages use car
5010	Supplier#000005010       	cmYBD2RaTe9vKC0uNoC4aCEu3DOA1B	22	32-840-426-3024	965.650024	quickly regular excuses according to the blit
5011	Supplier#000005011       	Ma4xYu1AdRVlyQCuYzdsS7yuIxmYiILdzId	1	11-737-696-2345	2565.79004	blithely express packages are. bold, 
5012	Supplier#000005012       	H2oITSxE4kqoUQgOKPKUYEM4ZWaZboiV 	0	10-978-634-8748	1199.67004	slyly special instructions haggle blithely special deposits! fu
5013	Supplier#000005013       	pA5sgFBsZ,zvG9DqKDX5LtSJRXhzCddXUxdpiKR2	17	27-950-281-5960	8720.86035	even, final patterns after the express re
5014	Supplier#000005014       	d IZ2KkXKyE6	1	11-572-644-1147	5535.25977	furiously final accounts sleep according to the even depe
5015	Supplier#000005015       	HOXohc8D8KJ Yx2WIOL 5EvtdnTqwXSo	3	13-358-401-5005	2096.15991	express pinto beans wake above the quickly regular deposits. blithely final theod
5016	Supplier#000005016       	Pm76cd7RQpEoslbXa9hH6Fm,9z	5	15-955-178-1560	6076.16016	blithely regular accounts should wake pending ideas. slyly ironic 
5017	Supplier#000005017       	RMaCRF8C,C3	8	18-252-308-7859	7035.97021	carefully final ideas are fluffily above the slyly regular a
5018	Supplier#000005018       	VF3jw0xQDHivHYnRt9JajvTSsxJxjnD8YY8	6	16-544-227-4448	1549.48999	carefully ironic packages along the brave, idle requests use against the blithely final dep
5019	Supplier#000005019       	4BJhH,Wczz	11	21-301-472-5208	3278.83008	quickly bold requests sleep slyly final requests-- express, bold r
5020	Supplier#000005020       	8n8le,fK6fN1byNziZYGXTQLv8fTnjlyaM	22	32-966-740-2878	6256.43994	enticingly regular requests unwind fluffily regular ideas. furiously regular packages after the
5021	Supplier#000005021       	qtiNfDL dv7lsLA	0	10-185-959-4386	1005.06	blithely ironic asymptotes integrate carefully regular foxes. quickly express accounts against
5022	Supplier#000005022       	LtH4qtqST6dY,v,Bs	0	10-234-680-5990	4938.41992	furiously final pinto beans
5023	Supplier#000005023       	Q755r z94jtz	13	23-820-227-6379	3015.59009	express requests are around the 
5024	Supplier#000005024       	y0,QhJZwQSjhRC6 rPsa5tLcmjRy8LKjuS	19	29-535-675-8153	3976.59009	regular, special accounts 
5025	Supplier#000005025       	2eZ2yMMlxVDK,t9w1Ne y1CNAY	9	19-264-348-2707	7542.89014	bold requests nag blithely slyly regula
5026	Supplier#000005026       	 QCWzn7yqZuyTPEv3xGZc,	17	27-492-930-4855	7445.31006	ruthlessly regular asymptot
7502	Supplier#000007502       	,rSo5R1i654jwDP8DIUT1W1YW1TJ3onUPaXa,2	18	28-622-664-8208	1627.80005	blithely regular pinto beans 
7503	Supplier#000007503       	ZsYDRAa2yZzSCBrnVDKW,xOwrzswX3QH 	22	32-499-180-9030	-640.530029	instructions hinder pending dependencies. final, pending deposits
7504	Supplier#000007504       	Jd0UZtAgCGSTqPiyj614n	11	21-608-908-9154	1613.81006	ironic courts do nag carefully daring requests. regular platelets are quickly alongside of the bol
7505	Supplier#000007505       	HrpvrWPPfiNgNUUZIkZQWsMN	5	15-512-324-2294	6330.66992	even accounts wake according to the slyly ironic accounts. closely ironic d
7506	Supplier#000007506       	swINMWWwcXRSltVzV	5	15-536-477-9412	5640.74023	final accounts cajole slyly across the ironic requests
7507	Supplier#000007507       	vUfH613Y2e8lxIEaVMbMqRsvcTT	10	20-946-110-2952	3908.77002	idly bold packages detect fluffily. pending ideas about the 
7508	Supplier#000007508       	YnSNa1CMGO	15	25-545-852-1929	643.929993	pending dependencies are carefully r
7509	Supplier#000007509       	q8,V6LJRoHJjHcOuSG7aLTMg	3	13-514-440-5268	7514.33008	final accounts alongside of 
7510	Supplier#000007510       	ixO6595C3ZwVRbBzPW1Pu	1	11-714-273-4551	387.76001	idly regular deposits sleep blithely ironic excuses. bl
7511	Supplier#000007511       	W4OiKH,gzMTq24 xGsnwVy	20	30-770-235-3547	3094.72998	carefully bold accounts haggle carefully f
7512	Supplier#000007512       	pXSnLcEj dzzxyUNG	11	21-146-481-5250	3044.80005	carefully regular dependencies cajole blithely. furiously unusu
7513	Supplier#000007513       	RdlsM32B779IxkrX	9	19-136-395-1425	-29.3999996	unusual deposits nag special pin
7514	Supplier#000007514       	VRv6icraoDzTBpx LaNbxf	17	27-893-116-7923	9804.5498	final, even requests along the requests nag slyly along the slyly final packages. blit
7515	Supplier#000007515       	c2ILRnap2LiYJt4y4rmsiL,u4Tcu	15	25-697-670-1343	3153.80005	carefully express platelets cajole blithely across the carefully stea
7516	Supplier#000007516       	MXUTfa53VDJlZZz ET JU5Doou	24	34-943-403-5413	5889.62988	even accounts haggle final accounts. deposits haggle slyly slyly even accounts. slyly 
7517	Supplier#000007517       	A0jDz3SUnGe7 riLcwD4akLvDAqV8GtXm MM2r53	20	30-548-567-4623	7029	packages whithout the always even packages are furiously according to
7518	Supplier#000007518       	JbzpdeQoBLXf,2MURMK7l,3e	0	10-480-739-8890	5480.52002	slyly unusual deposits detect carefully against the platelets. final accounts against the q
7519	Supplier#000007519       	oSTDJIojIOdTWYYMp Sj1QBT	1	11-511-610-5276	6133.95996	deposits use among the deposits. furiously regular a
7520	Supplier#000007520       	at1CTEqdKfGubHRPnxVbyFLhQ	14	24-700-592-7490	-433.200012	blithely final requests cajole about the carefully regular accounts. blithely expre
7521	Supplier#000007521       	XKZS,1Ns,5jFevpAk43oiGPzdvsguV 	14	24-277-624-7516	-879.73999	unusual pinto beans believe furiously to the ideas. blithely si
7522	Supplier#000007522       	JjF gKOuyb1gy8cdcqql	6	16-675-888-4837	7155.75	quickly even deposits nag daringly. carefully regular theodolites wake carefully. furiously busy pa
7523	Supplier#000007523       	XvPm ScJP u4	20	30-546-972-2854	1730.64001	blithely ironic deposits are alongside of the asymptotes. furiously final platelets are blit
7524	Supplier#000007524       	CEZxK,uwb4GSB,ELczTZZeEzP	10	20-867-118-3156	764.080017	blithely unusual requests along the slyly regular requests are carefully until the carefully silent
7525	Supplier#000007525       	AA4cOZUA8Cuinq1T3MpNfbLycABkpV	8	18-100-531-8345	2777.90991	blithely regular packages ac
7526	Supplier#000007526       	ec OCBW1Amcz7umPbB	13	23-196-113-9571	2358.8999	ruthlessly ironic asymptotes wake fluffily fluffily even packag
\.

DROP TABLE IF EXISTS nation2;
CREATE TABLE nation2 AS SELECT * FROM nation;
UPDATE nation2 SET n_regionkey = 2 WHERE n_nationkey = 24;

UPDATE "SUPPLIER" SET s_phone = NULL WHERE s_suppkey = 11;
CLUSTER "SUPPLIER" USING "pk_supplier";

